{
  "SceneData": [
    {
      "ActorsData": [
        {
          "ActorName": "Ground",
          "FloatData0": -469.09100341796875,
          "FloatData1": -305.45458984375,
          "FloatData2": 709.09100341796875,
          "FloatData3": -770.9091796875
        },
        {
          "ActorName": "Player",
          "FloatData0": -278.18185424804688,
          "FloatData1": -254.54550170898438
        },
        {
          "ActorName": "Camera",
          "FloatData0": -676.6669921875,
          "FloatData1": -900.000244140625,
          "FloatData2": 850.0006103515625,
          "FloatData3": 220.0003662109375
        }
      ],
      "SceneName": "1"
    }
  ]
}

