{
  "SceneData": [
    {
      "ActorsData": [
        {
          "ActorName": "Ground",
          "FloatData0": -408,
          "FloatData1": -35,
          "FloatData2": 372,
          "FloatData3": -332
        },
        {
          "ActorName": "Camera",
          "FloatData0": -663.33367919921875,
          "FloatData1": -523.3336181640625,
          "FloatData2": 853.33380126953125,
          "FloatData3": 603.33367919921875
        },
        {
          "ActorName": "Player",
          "FloatData0": -288,
          "FloatData1": 30.666666030883789
        }
      ],
      "SceneName": "1"
    }
  ]
}

