{
  "SceneData": [
    {
      "ActorsData": [
        {
          "ActorName": "Ground",
          "FloatData0": -408,
          "FloatData1": -35,
          "FloatData2": 372,
          "FloatData3": -332
        },
        {
          "ActorName": "Player",
          "FloatData0": -265.00003051757813,
          "FloatData1": 40.000011444091797
        },
        {
          "ActorName": "Camera",
          "FloatData0": -602.222412109375,
          "FloatData1": -504.44461059570313,
          "FloatData2": 604.44464111328125,
          "FloatData3": 324.44454956054688
        }
      ],
      "SceneName": "1"
    }
  ]
}

